program_id,bin,rank_in_bin,control_symbol
diff_naive,16,0,PLOD3
diff_naive,16,1,FKBP8
diff_naive,16,2,ASPHD2
diff_naive,16,3,NPRL3
diff_naive,16,4,UBXN2A
diff_naive,16,5,ARL3
diff_naive,16,6,BLTP1
diff_naive,16,7,TSHZ2
diff_naive,16,8,KIF18B
diff_naive,16,9,LTBP3
diff_naive,16,10,UBE2H
diff_naive,16,11,GALK1
diff_naive,16,12,ZSWIM7
diff_naive,16,13,TRIM4
diff_naive,16,14,CC2D1A
diff_naive,16,15,ERCC2
diff_naive,16,16,HEG1
diff_naive,16,17,ZC3HC1
diff_naive,16,18,NUP35
diff_naive,16,19,SLC23A2
diff_naive,16,20,ATG9A
diff_naive,16,21,ATP7A
diff_naive,16,22,SCYL3
diff_naive,16,23,PLP2
diff_naive,16,24,DHX58
diff_naive,16,25,FAM199X
diff_naive,16,26,BRF2
diff_naive,16,27,MACO1
diff_naive,16,28,CIR1
diff_naive,16,29,RABIF
diff_naive,16,30,TAF5L
diff_naive,16,31,CWC25
diff_naive,16,32,YTHDF1
diff_naive,16,33,ILVBL
diff_naive,16,34,NDUFAF6
diff_naive,16,35,PWWP2A
diff_naive,16,36,TMEM120A
diff_naive,16,37,SH2B1
diff_naive,16,38,ORC5
diff_naive,16,39,TUBGCP5
diff_naive,16,40,HOMER2
diff_naive,16,41,RNF185
diff_naive,16,42,ELF2
diff_naive,16,43,FOXJ2
diff_naive,16,44,TOP3A
diff_naive,16,45,DENND1A
diff_naive,16,46,CLN8
diff_naive,16,47,FBXL4
diff_naive,16,48,EZH1
diff_naive,16,49,SLC11A2
diff_naive,17,0,VRK2
diff_naive,17,1,NF1
diff_naive,17,2,NR2C2AP
diff_naive,17,3,LSM3
diff_naive,17,4,SFSWAP
diff_naive,17,5,THG1L
diff_naive,17,6,NMT2
diff_naive,17,7,EFL1
diff_naive,17,8,ZCCHC8
diff_naive,17,9,MRS2
diff_naive,17,10,RNASET2
diff_naive,17,11,PDPR
diff_naive,17,12,ZNF12
diff_naive,17,13,ITPR3
diff_naive,17,14,RXRB
diff_naive,17,15,CBR3
diff_naive,17,16,ESRRA
diff_naive,17,17,MAP3K13
diff_naive,17,18,C11orf24
diff_naive,17,19,EIF1AY
diff_naive,17,20,KHDC4
diff_naive,17,21,NSRP1
diff_naive,17,22,CCDC115
diff_naive,17,23,GAB2
diff_naive,17,24,MTFR2
diff_naive,17,25,MTMR3
diff_naive,17,26,ZDHHC14
diff_naive,17,27,TP53BP1
diff_naive,17,28,TSPAN3
diff_naive,17,29,C12orf29
diff_naive,17,30,PABPC1L
diff_naive,17,31,KCTD17
diff_naive,17,32,MSH3
diff_naive,17,33,NOP9
diff_naive,17,34,ABI2
diff_naive,17,35,MOSPD2
diff_naive,17,36,SPNS1
diff_naive,17,37,ZNF581
diff_naive,17,38,NUDT22
diff_naive,17,39,SMIM20
diff_naive,17,40,HPS4
diff_naive,17,41,TAF4
diff_naive,17,42,HAUS3
diff_naive,17,43,CCDC137
diff_naive,17,44,ABCB8
diff_naive,17,45,LFNG
diff_naive,17,46,NDUFS8
diff_naive,17,47,GTPBP10
diff_naive,17,48,BOD1L1
diff_naive,17,49,ANKRD13B
diff_naive,22,0,ERH
diff_naive,22,1,TUBB
diff_naive,22,2,USO1
diff_naive,22,3,MAPRE1
diff_naive,22,4,CCNK
diff_naive,22,5,CIAO2A
diff_naive,22,6,MSH6
diff_naive,22,7,MIB1
diff_naive,22,8,ZDHHC20
diff_naive,22,9,VPS4B
diff_naive,22,10,WDR75
diff_naive,22,11,BCL11B
diff_naive,22,12,FGFR1OP2
diff_naive,22,13,RALY
diff_naive,22,14,ANAPC15
diff_naive,22,15,GTPBP1
diff_naive,22,16,TNFRSF25
diff_naive,22,17,NOL7
diff_naive,22,18,ACTN4
diff_naive,22,19,PPID
diff_naive,22,20,AKAP13
diff_naive,22,21,PARL
diff_naive,22,22,DCUN1D1
diff_naive,22,23,MAML1
diff_naive,22,24,SCYL1
diff_naive,22,25,PRKACA
diff_naive,22,26,MLLT3
diff_naive,22,27,SMC2
diff_naive,22,28,TMED4
diff_naive,22,29,GSR
diff_naive,22,30,FLT3LG
diff_naive,22,31,YTHDC1
diff_naive,22,32,THUMPD1
diff_naive,22,33,CLEC2B
diff_naive,22,34,RARA
diff_naive,22,35,BABAM1
diff_naive,22,36,PTEN
diff_naive,22,37,CHERP
diff_naive,22,38,SP100
diff_naive,22,39,UBLCP1
diff_naive,22,40,IQGAP1
diff_naive,22,41,TRA2B
diff_naive,22,42,NIFK
diff_naive,22,43,RPP30
diff_naive,22,44,GATAD2A
diff_naive,22,45,MPRIP
diff_naive,22,46,INTS6
diff_naive,22,47,UBE2F
diff_naive,22,48,EDC4
diff_naive,22,49,FARSB
diff_naive,24,0,MCMBP
diff_naive,24,1,MANF
diff_naive,24,2,APBB1IP
diff_naive,24,3,MLLT6
diff_naive,24,4,GTF3A
diff_naive,24,5,STT3B
diff_naive,24,6,UFM1
diff_naive,24,7,SRSF2
diff_naive,24,8,MTHFD1
diff_naive,24,9,GNG2
diff_naive,24,10,ITM2A
diff_naive,24,11,MYDGF
diff_naive,24,12,PRPF19
diff_naive,24,13,OAS2
diff_naive,24,14,STK24
diff_naive,24,15,NDFIP2
diff_naive,24,16,THOC7
diff_naive,24,17,TOMM5
diff_naive,24,18,COX7A2
diff_naive,24,19,NDUFV1
diff_naive,24,20,SMC1A
diff_naive,24,21,HSP90AB1
diff_naive,24,22,CTSC
diff_naive,24,23,HSPA8
diff_naive,24,24,LITAF
diff_naive,24,25,GOLPH3
diff_naive,24,26,ACTR2
diff_naive,24,27,TCP1
diff_naive,24,28,CNBP
diff_naive,24,29,SPG21
diff_naive,24,30,MCM4
diff_naive,24,31,BIRC3
diff_naive,24,32,HECA
diff_naive,24,33,MAPKAPK2
diff_naive,24,34,C11orf58
diff_naive,24,35,IL2RB
diff_naive,24,36,GRK2
diff_naive,24,37,MTHFD2
diff_naive,24,38,KDM5C
diff_naive,24,39,SH2D1A
diff_naive,24,40,KIF5B
diff_naive,24,41,ITGB2
diff_naive,24,42,ARPC1B
diff_naive,24,43,COPB1
diff_naive,24,44,UBE2A
diff_naive,24,45,TGFBR2
diff_naive,24,46,HOPX
diff_naive,24,47,MAPK6
diff_naive,24,48,ITK
diff_naive,24,49,PSMA7
diff_activated,18,0,DCAF1
diff_activated,18,1,PLD6
diff_activated,18,2,COMMD4
diff_activated,18,3,GCLC
diff_activated,18,4,TMX4
diff_activated,18,5,UBAP1
diff_activated,18,6,DTNBP1
diff_activated,18,7,TANGO6
diff_activated,18,8,SOD1
diff_activated,18,9,HSPBP1
diff_activated,18,10,TMEM267
diff_activated,18,11,HEXB
diff_activated,18,12,RAD54B
diff_activated,18,13,AP4E1
diff_activated,18,14,HDAC8
diff_activated,18,15,WDR59
diff_activated,18,16,MADD
diff_activated,18,17,TMEM185A
diff_activated,18,18,PRPF18
diff_activated,18,19,ABHD18
diff_activated,18,20,MAST3
diff_activated,18,21,NDUFS5
diff_activated,18,22,IMMP2L
diff_activated,18,23,G2E3
diff_activated,18,24,MT1X
diff_activated,18,25,STK16
diff_activated,18,26,APEX2
diff_activated,18,27,SLC35F6
diff_activated,18,28,SLC35F2
diff_activated,18,29,POLA1
diff_activated,18,30,NARF
diff_activated,18,31,SSNA1
diff_activated,18,32,ZRANB1
diff_activated,18,33,CREG1
diff_activated,18,34,COG4
diff_activated,18,35,ZKSCAN1
diff_activated,18,36,ACTR6
diff_activated,18,37,CLCN7
diff_activated,18,38,CLASP2
diff_activated,18,39,ABCF3
diff_activated,18,40,GABPB2
diff_activated,18,41,CENPC
diff_activated,18,42,ZNF580
diff_activated,18,43,PPME1
diff_activated,18,44,STX2
diff_activated,18,45,TOR1B
diff_activated,18,46,IDH1
diff_activated,18,47,FAM193B
diff_activated,18,48,CLUH
diff_activated,18,49,BRD8
diff_activated,22,0,NOL7
diff_activated,22,1,TMBIM1
diff_activated,22,2,ARMC10
diff_activated,22,3,EIF1B
diff_activated,22,4,SET
diff_activated,22,5,ZBTB25
diff_activated,22,6,BABAM1
diff_activated,22,7,FYTTD1
diff_activated,22,8,GIMAP5
diff_activated,22,9,SLC16A3
diff_activated,22,10,NSUN2
diff_activated,22,11,TMEM68
diff_activated,22,12,PEF1
diff_activated,22,13,PLRG1
diff_activated,22,14,ZFAND3
diff_activated,22,15,ACBD6
diff_activated,22,16,CSNK1D
diff_activated,22,17,CIB1
diff_activated,22,18,ARHGAP11A
diff_activated,22,19,PRDX3
diff_activated,22,20,RGCC
diff_activated,22,21,RHOH
diff_activated,22,22,ZYX
diff_activated,22,23,PITRM1
diff_activated,22,24,GFM1
diff_activated,22,25,DENR
diff_activated,22,26,PTTG1IP
diff_activated,22,27,TBC1D14
diff_activated,22,28,GGA2
diff_activated,22,29,MKLN1
diff_activated,22,30,KTN1
diff_activated,22,31,NCOR2
diff_activated,22,32,RACK1
diff_activated,22,33,KLHL5
diff_activated,22,34,PARP14
diff_activated,22,35,TMBIM6
diff_activated,22,36,SNRNP25
diff_activated,22,37,RABEP1
diff_activated,22,38,AMD1
diff_activated,22,39,TMOD3
diff_activated,22,40,LRP8
diff_activated,22,41,WASHC3
diff_activated,22,42,PBX2
diff_activated,22,43,JOSD1
diff_activated,22,44,ERP44
diff_activated,22,45,PRPF6
diff_activated,22,46,RAP2B
diff_activated,22,47,SAE1
diff_activated,22,48,KAT6A
diff_activated,22,49,RAD50
diff_activated,24,0,PSMD13
diff_activated,24,1,ARF6
diff_activated,24,2,UBA3
diff_activated,24,3,SNRPB2
diff_activated,24,4,METAP2
diff_activated,24,5,SLAMF1
diff_activated,24,6,SSRP1
diff_activated,24,7,PSMA4
diff_activated,24,8,HNRNPU
diff_activated,24,9,H1-2
diff_activated,24,10,CAB39
diff_activated,24,11,PAK2
diff_activated,24,12,TUBA4A
diff_activated,24,13,PLEKHB2
diff_activated,24,14,ELOVL5
diff_activated,24,15,PPP1R9B
diff_activated,24,16,ARHGAP30
diff_activated,24,17,LCP1
diff_activated,24,18,CD2
diff_activated,24,19,UBE2D3
diff_activated,24,20,SRSF2
diff_activated,24,21,GOT2
diff_activated,24,22,GLRX3
diff_activated,24,23,SLC38A1
diff_activated,24,24,SCD
diff_activated,24,25,YWHAZ
diff_activated,24,26,HNRNPD
diff_activated,24,27,CAPNS1
diff_activated,24,28,ITK
diff_activated,24,29,EDEM1
diff_activated,24,30,ADD3
diff_activated,24,31,SMS
diff_activated,24,32,CD226
diff_activated,24,33,PSMD4
diff_activated,24,34,SDHB
diff_activated,24,35,FNBP1
diff_activated,24,36,DGKA
diff_activated,24,37,STT3B
diff_activated,24,38,BST2
diff_activated,24,39,UQCRC1
diff_activated,24,40,SAMHD1
diff_activated,24,41,HAPSTR1
diff_activated,24,42,FTL
diff_activated,24,43,NUCKS1
diff_activated,24,44,HNRNPUL2
diff_activated,24,45,PLCG1
diff_activated,24,46,ARHGEF2
diff_activated,24,47,EEF1B2
diff_activated,24,48,S100A10
diff_activated,24,49,SH3BGRL3
diff_memory,21,0,SP1
diff_memory,21,1,REST
diff_memory,21,2,PNO1
diff_memory,21,3,IFT57
diff_memory,21,4,CEBPZOS
diff_memory,21,5,TIMMDC1
diff_memory,21,6,AFG3L2
diff_memory,21,7,NR3C1
diff_memory,21,8,SAMD1
diff_memory,21,9,RBM22
diff_memory,21,10,FNBP4
diff_memory,21,11,DDX50
diff_memory,21,12,TBK1
diff_memory,21,13,PLSCR3
diff_memory,21,14,FOXO1
diff_memory,21,15,RC3H2
diff_memory,21,16,ATRX
diff_memory,21,17,OARD1
diff_memory,21,18,SMIM26
diff_memory,21,19,ARHGEF3
diff_memory,21,20,NUP155
diff_memory,21,21,CARS2
diff_memory,21,22,SNUPN
diff_memory,21,23,INCENP
diff_memory,21,24,ATXN1
diff_memory,21,25,ASCC2
diff_memory,21,26,SLC12A7
diff_memory,21,27,STAT5A
diff_memory,21,28,SNX12
diff_memory,21,29,CHEK1
diff_memory,21,30,SENP1
diff_memory,21,31,GLUD1
diff_memory,21,32,DTYMK
diff_memory,21,33,DHCR24
diff_memory,21,34,MPDU1
diff_memory,21,35,TERF2
diff_memory,21,36,EPSTI1
diff_memory,21,37,IDH3G
diff_memory,21,38,TMEM259
diff_memory,21,39,HIPK1
diff_memory,21,40,GRAMD1A
diff_memory,21,41,P2RX4
diff_memory,21,42,DMTF1
diff_memory,21,43,ITPK1
diff_memory,21,44,SNX4
diff_memory,21,45,GIT1
diff_memory,21,46,ZEB1
diff_memory,21,47,LAMTOR5
diff_memory,21,48,FXN
diff_memory,21,49,YEATS4
diff_memory,23,0,GMFG
diff_memory,23,1,NRAS
diff_memory,23,2,MIER1
diff_memory,23,3,SLC25A11
diff_memory,23,4,YWHAE
diff_memory,23,5,SYNRG
diff_memory,23,6,HIGD2A
diff_memory,23,7,KIF21B
diff_memory,23,8,RAB8B
diff_memory,23,9,ELOC
diff_memory,23,10,ADAM8
diff_memory,23,11,SF3B4
diff_memory,23,12,EHMT1
diff_memory,23,13,STAU2
diff_memory,23,14,HPRT1
diff_memory,23,15,PPP6C
diff_memory,23,16,SNRPE
diff_memory,23,17,TSR1
diff_memory,23,18,SRSF4
diff_memory,23,19,SRA1
diff_memory,23,20,ADSS2
diff_memory,23,21,CANX
diff_memory,23,22,RNF10
diff_memory,23,23,ZFP36L2
diff_memory,23,24,ECE1
diff_memory,23,25,NUP50
diff_memory,23,26,KCTD20
diff_memory,23,27,ZBTB1
diff_memory,23,28,SEC61A1
diff_memory,23,29,CHMP4A
diff_memory,23,30,HK1
diff_memory,23,31,KDM2A
diff_memory,23,32,KLF2
diff_memory,23,33,BIN2
diff_memory,23,34,MBNL1
diff_memory,23,35,DPM1
diff_memory,23,36,TERF2IP
diff_memory,23,37,BLOC1S1
diff_memory,23,38,NUP62
diff_memory,23,39,KPNA4
diff_memory,23,40,SLC7A5
diff_memory,23,41,GNPTAB
diff_memory,23,42,EIF2AK2
diff_memory,23,43,NUP58
diff_memory,23,44,NUP153
diff_memory,23,45,CARM1
diff_memory,23,46,GSTO1
diff_memory,23,47,TOP2A
diff_memory,23,48,NOP10
diff_memory,23,49,CELF1
diff_memory,24,0,ID2
diff_memory,24,1,B2M
diff_memory,24,2,OSTF1
diff_memory,24,3,TMEM123
diff_memory,24,4,UBE2I
diff_memory,24,5,KCNAB2
diff_memory,24,6,CD44
diff_memory,24,7,ABRACL
diff_memory,24,8,HSP90AB1
diff_memory,24,9,CELF2
diff_memory,24,10,NDUFA4
diff_memory,24,11,FAM120A
diff_memory,24,12,UBAP2L
diff_memory,24,13,IFI16
diff_memory,24,14,EBNA1BP2
diff_memory,24,15,DUS1L
diff_memory,24,16,SUMF2
diff_memory,24,17,ARPC2
diff_memory,24,18,CD47
diff_memory,24,19,PRRC2C
diff_memory,24,20,ILF2
diff_memory,24,21,STT3B
diff_memory,24,22,TMEM167A
diff_memory,24,23,S100A10
diff_memory,24,24,CNN2
diff_memory,24,25,GNG2
diff_memory,24,26,LRPPRC
diff_memory,24,27,TANK
diff_memory,24,28,WIPF1
diff_memory,24,29,CAPN2
diff_memory,24,30,SATB1
diff_memory,24,31,CCT8
diff_memory,24,32,UBXN4
diff_memory,24,33,C11orf58
diff_memory,24,34,PRPF40A
diff_memory,24,35,HSPH1
diff_memory,24,36,MYH9
diff_memory,24,37,HNRNPUL2
diff_memory,24,38,RHOG
diff_memory,24,39,COPA
diff_memory,24,40,H1-5
diff_memory,24,41,PPP1CA
diff_memory,24,42,PAFAH1B1
diff_memory,24,43,ATF2
diff_memory,24,44,ARID5B
diff_memory,24,45,EFCAB14
diff_memory,24,46,SLTM
diff_memory,24,47,NDUFB9
diff_memory,24,48,COX8A
diff_memory,24,49,WDR26
diff_checkpoint,11,0,USP54
diff_checkpoint,11,1,ROM1
diff_checkpoint,11,2,RAB43
diff_checkpoint,11,3,C1QTNF6
diff_checkpoint,11,4,FTCDNL1
diff_checkpoint,11,5,NECTIN1
diff_checkpoint,11,6,RFX2
diff_checkpoint,11,7,KRTCAP3
diff_checkpoint,11,8,ZBTB12
diff_checkpoint,11,9,TOR2A
diff_checkpoint,11,10,ZRANB3
diff_checkpoint,11,11,ZNF2
diff_checkpoint,11,12,ZNF772
diff_checkpoint,11,13,EGFL6
diff_checkpoint,11,14,SERPINI1
diff_checkpoint,11,15,PWWP2B
diff_checkpoint,11,16,H2AC8
diff_checkpoint,11,17,ZNF579
diff_checkpoint,11,18,SLC16A5
diff_checkpoint,11,19,CCDC120
diff_checkpoint,11,20,ANKS6
diff_checkpoint,11,21,GJB6
diff_checkpoint,11,22,CASS4
diff_checkpoint,11,23,ZNF250
diff_checkpoint,11,24,MT1E
diff_checkpoint,11,25,WHRN
diff_checkpoint,11,26,TMEM217
diff_checkpoint,11,27,CNOT7
diff_checkpoint,11,28,FHL1
diff_checkpoint,11,29,STOX1
diff_checkpoint,11,30,FAM104A
diff_checkpoint,11,31,SEMA4F
diff_checkpoint,11,32,GMPR
diff_checkpoint,11,33,ELMO3
diff_checkpoint,11,34,SIPA1L2
diff_checkpoint,11,35,SPATC1L
diff_checkpoint,11,36,THBS4
diff_checkpoint,11,37,ARHGEF11
diff_checkpoint,11,38,SLC17A9
diff_checkpoint,11,39,TESK2
diff_checkpoint,11,40,CAPN12
diff_checkpoint,11,41,REEP2
diff_checkpoint,11,42,C2orf72
diff_checkpoint,11,43,RWDD2A
diff_checkpoint,11,44,ABITRAM
diff_checkpoint,11,45,ADM5
diff_checkpoint,11,46,PELI3
diff_checkpoint,11,47,RIBC2
diff_checkpoint,11,48,ZBTB43
diff_checkpoint,11,49,POPDC2
diff_checkpoint,13,0,ZNF649
diff_checkpoint,13,1,RPGR
diff_checkpoint,13,2,GNG8
diff_checkpoint,13,3,RXRA
diff_checkpoint,13,4,ZNF430
diff_checkpoint,13,5,CHI3L2
diff_checkpoint,13,6,LIN37
diff_checkpoint,13,7,ADCY9
diff_checkpoint,13,8,CNNM2
diff_checkpoint,13,9,GEMIN8
diff_checkpoint,13,10,FKRP
diff_checkpoint,13,11,ZNF714
diff_checkpoint,13,12,IFIT3
diff_checkpoint,13,13,KCTD3
diff_checkpoint,13,14,NCS1
diff_checkpoint,13,15,KCNQ5
diff_checkpoint,13,16,ZFP82
diff_checkpoint,13,17,ZNF736
diff_checkpoint,13,18,CARD6
diff_checkpoint,13,19,ZNF408
diff_checkpoint,13,20,CCDC152
diff_checkpoint,13,21,TRIM34
diff_checkpoint,13,22,PLXNB2
diff_checkpoint,13,23,TUBA1A
diff_checkpoint,13,24,ABHD11
diff_checkpoint,13,25,FASTKD3
diff_checkpoint,13,26,VWA5A
diff_checkpoint,13,27,GNAI1
diff_checkpoint,13,28,KCTD18
diff_checkpoint,13,29,NCKAP1
diff_checkpoint,13,30,GPATCH1
diff_checkpoint,13,31,PPP1R3F
diff_checkpoint,13,32,ZNF626
diff_checkpoint,13,33,ZNF155
diff_checkpoint,13,34,TTBK2
diff_checkpoint,13,35,TMTC4
diff_checkpoint,13,36,TYSND1
diff_checkpoint,13,37,OAT
diff_checkpoint,13,38,ZFYVE26
diff_checkpoint,13,39,H6PD
diff_checkpoint,13,40,SETMAR
diff_checkpoint,13,41,BTLA
diff_checkpoint,13,42,ZBTB34
diff_checkpoint,13,43,IPCEF1
diff_checkpoint,13,44,KYAT1
diff_checkpoint,13,45,FAM117B
diff_checkpoint,13,46,KIAA0513
diff_checkpoint,13,47,ZNF717
diff_checkpoint,13,48,H1-0
diff_checkpoint,13,49,ZNF358
diff_checkpoint,14,0,WHAMM
diff_checkpoint,14,1,FAM120C
diff_checkpoint,14,2,CEP19
diff_checkpoint,14,3,TRMT11
diff_checkpoint,14,4,SWI5
diff_checkpoint,14,5,TMLHE
diff_checkpoint,14,6,CRADD
diff_checkpoint,14,7,ACSS1
diff_checkpoint,14,8,ALKBH8
diff_checkpoint,14,9,RECQL4
diff_checkpoint,14,10,SSX2IP
diff_checkpoint,14,11,AOAH
diff_checkpoint,14,12,DOP1B
diff_checkpoint,14,13,NCR3
diff_checkpoint,14,14,RECQL5
diff_checkpoint,14,15,FTO
diff_checkpoint,14,16,VKORC1L1
diff_checkpoint,14,17,PSMD5
diff_checkpoint,14,18,STX18
diff_checkpoint,14,19,BSCL2
diff_checkpoint,14,20,MED19
diff_checkpoint,14,21,ZNF480
diff_checkpoint,14,22,MAPKBP1
diff_checkpoint,14,23,CRYZL1
diff_checkpoint,14,24,ARHGEF9
diff_checkpoint,14,25,GANC
diff_checkpoint,14,26,MED16
diff_checkpoint,14,27,GINS4
diff_checkpoint,14,28,VGLL4
diff_checkpoint,14,29,WDR1
diff_checkpoint,14,30,ATRIP
diff_checkpoint,14,31,PRIMPOL
diff_checkpoint,14,32,MRM3
diff_checkpoint,14,33,REEP4
diff_checkpoint,14,34,ERI2
diff_checkpoint,14,35,ZMYM6
diff_checkpoint,14,36,NANP
diff_checkpoint,14,37,EFCAB11
diff_checkpoint,14,38,GEMIN2
diff_checkpoint,14,39,PKP4
diff_checkpoint,14,40,ZNF436
diff_checkpoint,14,41,G6PC3
diff_checkpoint,14,42,MCU
diff_checkpoint,14,43,CC2D1B
diff_checkpoint,14,44,SLC35B3
diff_checkpoint,14,45,ATG10
diff_checkpoint,14,46,ZNF641
diff_checkpoint,14,47,CAPRIN2
diff_checkpoint,14,48,TIMM17B
diff_checkpoint,14,49,SLC41A2
diff_checkpoint,22,0,KEAP1
diff_checkpoint,22,1,DCUN1D1
diff_checkpoint,22,2,ASCC3
diff_checkpoint,22,3,PPP2R5D
diff_checkpoint,22,4,IFITM2
diff_checkpoint,22,5,HAPLN3
diff_checkpoint,22,6,SP140L
diff_checkpoint,22,7,HMOX2
diff_checkpoint,22,8,RABGAP1L
diff_checkpoint,22,9,GNL2
diff_checkpoint,22,10,NDUFB1
diff_checkpoint,22,11,NLRC5
diff_checkpoint,22,12,ERP44
diff_checkpoint,22,13,MIS18BP1
diff_checkpoint,22,14,IFNAR2
diff_checkpoint,22,15,WDR18
diff_checkpoint,22,16,GGNBP2
diff_checkpoint,22,17,DNAJB11
diff_checkpoint,22,18,NCAPD3
diff_checkpoint,22,19,TIA1
diff_checkpoint,22,20,KAT6A
diff_checkpoint,22,21,ACTN4
diff_checkpoint,22,22,UCHL5
diff_checkpoint,22,23,MGAT4B
diff_checkpoint,22,24,SLU7
diff_checkpoint,22,25,ITM2C
diff_checkpoint,22,26,DCTN2
diff_checkpoint,22,27,ZBTB25
diff_checkpoint,22,28,SRRT
diff_checkpoint,22,29,SUGT1
diff_checkpoint,22,30,WAPL
diff_checkpoint,22,31,MEX3C
diff_checkpoint,22,32,POLR3K
diff_checkpoint,22,33,NIFK
diff_checkpoint,22,34,ARHGAP11A
diff_checkpoint,22,35,GZMA
diff_checkpoint,22,36,ZDHHC18
diff_checkpoint,22,37,DDOST
diff_checkpoint,22,38,GUK1
diff_checkpoint,22,39,BCAS2
diff_checkpoint,22,40,MPRIP
diff_checkpoint,22,41,TMEM208
diff_checkpoint,22,42,PRKCA
diff_checkpoint,22,43,TAGLN2
diff_checkpoint,22,44,AKT2
diff_checkpoint,22,45,DUSP5
diff_checkpoint,22,46,RRP36
diff_checkpoint,22,47,KMT2E
diff_checkpoint,22,48,CGAS
diff_checkpoint,22,49,YTHDC1
diff_checkpoint,23,0,NOP14
diff_checkpoint,23,1,DOT1L
diff_checkpoint,23,2,LRRC59
diff_checkpoint,23,3,UBB
diff_checkpoint,23,4,RNF167
diff_checkpoint,23,5,CCL4
diff_checkpoint,23,6,SIN3A
diff_checkpoint,23,7,CIAO2B
diff_checkpoint,23,8,IDH3B
diff_checkpoint,23,9,LSM7
diff_checkpoint,23,10,RBM33
diff_checkpoint,23,11,PTK2B
diff_checkpoint,23,12,NSD1
diff_checkpoint,23,13,C1QBP
diff_checkpoint,23,14,SQOR
diff_checkpoint,23,15,DEGS1
diff_checkpoint,23,16,DNMT1
diff_checkpoint,23,17,ECH1
diff_checkpoint,23,18,PDCD6
diff_checkpoint,23,19,TRAPPC4
diff_checkpoint,23,20,ZC3H4
diff_checkpoint,23,21,BPNT2
diff_checkpoint,23,22,PSMB10
diff_checkpoint,23,23,EED
diff_checkpoint,23,24,SLA
diff_checkpoint,23,25,PSMB5
diff_checkpoint,23,26,DAZAP1
diff_checkpoint,23,27,GTF2E2
diff_checkpoint,23,28,NUP58
diff_checkpoint,23,29,RABL6
diff_checkpoint,23,30,RBL2
diff_checkpoint,23,31,UBA2
diff_checkpoint,23,32,EML4
diff_checkpoint,23,33,DPM1
diff_checkpoint,23,34,GID8
diff_checkpoint,23,35,CWC15
diff_checkpoint,23,36,EIF3K
diff_checkpoint,23,37,PPP1R15B
diff_checkpoint,23,38,SPCS3
diff_checkpoint,23,39,RASSF3
diff_checkpoint,23,40,SYNE3
diff_checkpoint,23,41,ODC1
diff_checkpoint,23,42,SEM1
diff_checkpoint,23,43,SND1
diff_checkpoint,23,44,USP48
diff_checkpoint,23,45,MACF1
diff_checkpoint,23,46,SF3A2
diff_checkpoint,23,47,ORMDL1
diff_checkpoint,23,48,TBC1D2B
diff_checkpoint,23,49,URI1
treg_like,12,0,THNSL1
treg_like,12,1,RCN3
treg_like,12,2,PANK1
treg_like,12,3,OTOF
treg_like,12,4,ZNF17
treg_like,12,5,AKR1C8
treg_like,12,6,KIF9
treg_like,12,7,TST
treg_like,12,8,RAB30
treg_like,12,9,ID3
treg_like,12,10,NAGLU
treg_like,12,11,PON2
treg_like,12,12,MCF2L2
treg_like,12,13,CDC42BPA
treg_like,12,14,MAP4K3
treg_like,12,15,ABAT
treg_like,12,16,KRBOX4
treg_like,12,17,NEK8
treg_like,12,18,ARHGEF5
treg_like,12,19,GCAT
treg_like,12,20,CCDC141
treg_like,12,21,ZNF296
treg_like,12,22,ABL2
treg_like,12,23,ITGB1BP2
treg_like,12,24,ADCK5
treg_like,12,25,ZNF628
treg_like,12,26,PPARGC1B
treg_like,12,27,ITGA1
treg_like,12,28,TSPAN33
treg_like,12,29,KCNQ1
treg_like,12,30,ADRB2
treg_like,12,31,SPRING1
treg_like,12,32,ARMC9
treg_like,12,33,CTPS2
treg_like,12,34,IER5L
treg_like,12,35,MBD5
treg_like,12,36,ZNF496
treg_like,12,37,PLA2G4B
treg_like,12,38,ZKSCAN3
treg_like,12,39,CPNE8
treg_like,12,40,CRAT
treg_like,12,41,KIAA1191
treg_like,12,42,QPRT
treg_like,12,43,H2BC3
treg_like,12,44,SLC9A9
treg_like,12,45,NLRX1
treg_like,12,46,VPS18
treg_like,12,47,ZNF584
treg_like,12,48,SH2D4A
treg_like,12,49,CDKL1
treg_like,13,0,CLCN5
treg_like,13,1,ZBTB34
treg_like,13,2,ATP6V0E2
treg_like,13,3,ZNF8
treg_like,13,4,DOK4
treg_like,13,5,PDLIM7
treg_like,13,6,IPO4
treg_like,13,7,CITED4
treg_like,13,8,LRRC37B
treg_like,13,9,ARF3
treg_like,13,10,GPATCH1
treg_like,13,11,SEMA4B
treg_like,13,12,SPEF2
treg_like,13,13,MAP1A
treg_like,13,14,CYB5RL
treg_like,13,15,ZNF568
treg_like,13,16,DNAJC30
treg_like,13,17,ACP6
treg_like,13,18,ZNF740
treg_like,13,19,SNX18
treg_like,13,20,PTPN18
treg_like,13,21,KIAA1958
treg_like,13,22,BBS10
treg_like,13,23,FAM221A
treg_like,13,24,INSL3
treg_like,13,25,ZBTB18
treg_like,13,26,C6orf47
treg_like,13,27,IFT88
treg_like,13,28,TOGARAM1
treg_like,13,29,ZNF510
treg_like,13,30,GOLM1
treg_like,13,31,H6PD
treg_like,13,32,CDAN1
treg_like,13,33,PKD1
treg_like,13,34,CBX1
treg_like,13,35,ZNF714
treg_like,13,36,RGL2
treg_like,13,37,CASZ1
treg_like,13,38,ABHD8
treg_like,13,39,ENGASE
treg_like,13,40,PRICKLE3
treg_like,13,41,STK3
treg_like,13,42,RBM43
treg_like,13,43,NEFH
treg_like,13,44,IRF5
treg_like,13,45,DST
treg_like,13,46,KAT2A
treg_like,13,47,NEIL2
treg_like,13,48,VPS16
treg_like,13,49,ZNF808
treg_like,15,0,HMGXB3
treg_like,15,1,PRMT9
treg_like,15,2,SLC25A23
treg_like,15,3,ADAM9
treg_like,15,4,KLHL28
treg_like,15,5,CEP76
treg_like,15,6,TKFC
treg_like,15,7,GALC
treg_like,15,8,WDR73
treg_like,15,9,GBP3
treg_like,15,10,ANGEL1
treg_like,15,11,PCYT2
treg_like,15,12,CRY2
treg_like,15,13,DCAKD
treg_like,15,14,CES2
treg_like,15,15,HIKESHI
treg_like,15,16,ERMARD
treg_like,15,17,ZBTB39
treg_like,15,18,PPIL2
treg_like,15,19,SPPL3
treg_like,15,20,TMEM164
treg_like,15,21,ANKRD26
treg_like,15,22,FAM50B
treg_like,15,23,ATG16L1
treg_like,15,24,TAPT1
treg_like,15,25,DYNC2LI1
treg_like,15,26,IFT46
treg_like,15,27,ERLIN2
treg_like,15,28,ATPSCKMT
treg_like,15,29,GMCL1
treg_like,15,30,MRI1
treg_like,15,31,MPC1
treg_like,15,32,ZFYVE27
treg_like,15,33,STYXL1
treg_like,15,34,NUFIP1
treg_like,15,35,LRWD1
treg_like,15,36,CBR4
treg_like,15,37,TRMT13
treg_like,15,38,UVRAG
treg_like,15,39,MUL1
treg_like,15,40,CGRRF1
treg_like,15,41,ING5
treg_like,15,42,TMEM260
treg_like,15,43,HCFC2
treg_like,15,44,UTP15
treg_like,15,45,KLF11
treg_like,15,46,ACY1
treg_like,15,47,CD99L2
treg_like,15,48,MAN2B2
treg_like,15,49,MED9
treg_like,19,0,KCNN4
treg_like,19,1,PDE4B
treg_like,19,2,PSAP
treg_like,19,3,MTERF4
treg_like,19,4,RNF31
treg_like,19,5,COMMD2
treg_like,19,6,DHX33
treg_like,19,7,DNAJA4
treg_like,19,8,REXO4
treg_like,19,9,HERC4
treg_like,19,10,TEX261
treg_like,19,11,RDX
treg_like,19,12,CAPG
treg_like,19,13,KIF1C
treg_like,19,14,CEMIP2
treg_like,19,15,YIF1A
treg_like,19,16,TPGS1
treg_like,19,17,PRPSAP2
treg_like,19,18,TTL
treg_like,19,19,SLC5A6
treg_like,19,20,TRAF2
treg_like,19,21,BAHD1
treg_like,19,22,GAK
treg_like,19,23,FEM1B
treg_like,19,24,FAM241A
treg_like,19,25,WDR54
treg_like,19,26,PEX26
treg_like,19,27,IL3
treg_like,19,28,ORC1
treg_like,19,29,COPS8
treg_like,19,30,FCMR
treg_like,19,31,VPS37A
treg_like,19,32,HMG20B
treg_like,19,33,MAGED2
treg_like,19,34,CBX4
treg_like,19,35,MED12
treg_like,19,36,HEATR5B
treg_like,19,37,EPC1
treg_like,19,38,BAP1
treg_like,19,39,GPCPD1
treg_like,19,40,STAM
treg_like,19,41,SLC30A7
treg_like,19,42,DTL
treg_like,19,43,NUMB
treg_like,19,44,ANKRD40
treg_like,19,45,TADA2B
treg_like,19,46,CLIP4
treg_like,19,47,ATN1
treg_like,19,48,SEC61G
treg_like,19,49,POU2AF1
treg_like,21,0,PRR14
treg_like,21,1,TADA3
treg_like,21,2,RC3H1
treg_like,21,3,TTC14
treg_like,21,4,CD80
treg_like,21,5,RAB11A
treg_like,21,6,GOLGA3
treg_like,21,7,FRYL
treg_like,21,8,MBTPS1
treg_like,21,9,B3GNT2
treg_like,21,10,SNW1
treg_like,21,11,GNA15
treg_like,21,12,NONO
treg_like,21,13,N4BP2
treg_like,21,14,C18orf25
treg_like,21,15,LASP1
treg_like,21,16,CFAP97
treg_like,21,17,NDC1
treg_like,21,18,FOXK2
treg_like,21,19,CCT3
treg_like,21,20,ITSN2
treg_like,21,21,ISG20
treg_like,21,22,XRCC5
treg_like,21,23,TOR1AIP1
treg_like,21,24,CDKAL1
treg_like,21,25,MED6
treg_like,21,26,IK
treg_like,21,27,FOXO1
treg_like,21,28,TNPO3
treg_like,21,29,AP1G2
treg_like,21,30,ZNF217
treg_like,21,31,UBE2N
treg_like,21,32,WDR3
treg_like,21,33,PITPNB
treg_like,21,34,PCYT1A
treg_like,21,35,ZNF148
treg_like,21,36,ZWINT
treg_like,21,37,THUMPD3
treg_like,21,38,NUP155
treg_like,21,39,EPB41
treg_like,21,40,LSM10
treg_like,21,41,IRF9
treg_like,21,42,GMPS
treg_like,21,43,PSMD2
treg_like,21,44,YJU2
treg_like,21,45,ARL8A
treg_like,21,46,IGFLR1
treg_like,21,47,NUSAP1
treg_like,21,48,MB21D2
treg_like,21,49,MEPCE
cd4_ctl_like,9,0,RBSN
cd4_ctl_like,9,1,LTBR
cd4_ctl_like,9,2,SPON1
cd4_ctl_like,9,3,MXRA8
cd4_ctl_like,9,4,CES3
cd4_ctl_like,9,5,PPM1N
cd4_ctl_like,9,6,TUBB3
cd4_ctl_like,9,7,C16orf74
cd4_ctl_like,9,8,LBX2
cd4_ctl_like,9,9,GK3
cd4_ctl_like,9,10,DOC2A
cd4_ctl_like,9,11,ZACN
cd4_ctl_like,9,12,ADAMTSL5
cd4_ctl_like,9,13,ADAMTS14
cd4_ctl_like,9,14,EFNB2
cd4_ctl_like,9,15,OSCP1
cd4_ctl_like,9,16,ACOT12
cd4_ctl_like,9,17,GAL
cd4_ctl_like,9,18,OGDHL
cd4_ctl_like,9,19,ZBTB47
cd4_ctl_like,9,20,COL18A1
cd4_ctl_like,9,21,CCDC62
cd4_ctl_like,9,22,IL12A
cd4_ctl_like,9,23,RAB3D
cd4_ctl_like,9,24,TMEM54
cd4_ctl_like,9,25,PLB1
cd4_ctl_like,9,26,NASP
cd4_ctl_like,9,27,GRHL1
cd4_ctl_like,9,28,SLC22A18AS
cd4_ctl_like,9,29,TLR2
cd4_ctl_like,9,30,ZNF540
cd4_ctl_like,9,31,PITX1
cd4_ctl_like,9,32,TTC16
cd4_ctl_like,9,33,CALHM1
cd4_ctl_like,9,34,NALF2
cd4_ctl_like,9,35,TMEM232
cd4_ctl_like,9,36,ERFE
cd4_ctl_like,9,37,NMU
cd4_ctl_like,9,38,UST
cd4_ctl_like,9,39,HDC
cd4_ctl_like,9,40,ZNF555
cd4_ctl_like,9,41,MYO1A
cd4_ctl_like,9,42,WNT7A
cd4_ctl_like,9,43,KIAA1522
cd4_ctl_like,9,44,FAM167B
cd4_ctl_like,9,45,SLC25A34
cd4_ctl_like,9,46,XKR9
cd4_ctl_like,9,47,SLC34A1
cd4_ctl_like,9,48,ZNF572
cd4_ctl_like,9,49,NIPAL2
cd4_ctl_like,13,0,ZNF383
cd4_ctl_like,13,1,BEND5
cd4_ctl_like,13,2,SGPP2
cd4_ctl_like,13,3,ENSG00000284691
cd4_ctl_like,13,4,TLK2
cd4_ctl_like,13,5,PHEX
cd4_ctl_like,13,6,RPP25
cd4_ctl_like,13,7,IPCEF1
cd4_ctl_like,13,8,PPP1R3F
cd4_ctl_like,13,9,ALG14
cd4_ctl_like,13,10,KAT2A
cd4_ctl_like,13,11,PLXNA4
cd4_ctl_like,13,12,SH2D3A
cd4_ctl_like,13,13,SMAD5
cd4_ctl_like,13,14,ZNF445
cd4_ctl_like,13,15,ST20
cd4_ctl_like,13,16,BCLAF3
cd4_ctl_like,13,17,VILL
cd4_ctl_like,13,18,HMGN5
cd4_ctl_like,13,19,EVA1B
cd4_ctl_like,13,20,B4GAT1
cd4_ctl_like,13,21,ZNF133
cd4_ctl_like,13,22,KPTN
cd4_ctl_like,13,23,KBTBD3
cd4_ctl_like,13,24,NT5M
cd4_ctl_like,13,25,SLC30A4
cd4_ctl_like,13,26,TMEM203
cd4_ctl_like,13,27,BLVRB
cd4_ctl_like,13,28,RYK
cd4_ctl_like,13,29,LIN52
cd4_ctl_like,13,30,RAC3
cd4_ctl_like,13,31,TAF6L
cd4_ctl_like,13,32,TEDC2
cd4_ctl_like,13,33,SLC25A13
cd4_ctl_like,13,34,PHOSPHO2
cd4_ctl_like,13,35,PHC1
cd4_ctl_like,13,36,FARS2
cd4_ctl_like,13,37,PPARG
cd4_ctl_like,13,38,GRAMD2B
cd4_ctl_like,13,39,ATP5PF
cd4_ctl_like,13,40,DIXDC1
cd4_ctl_like,13,41,COQ8B
cd4_ctl_like,13,42,GPAM
cd4_ctl_like,13,43,SEMA4B
cd4_ctl_like,13,44,GSTA4
cd4_ctl_like,13,45,RGS2
cd4_ctl_like,13,46,DHRS7B
cd4_ctl_like,13,47,ZNF211
cd4_ctl_like,13,48,DXO
cd4_ctl_like,13,49,MSS51
cd4_ctl_like,16,0,ALKBH3
cd4_ctl_like,16,1,RPN2
cd4_ctl_like,16,2,HMBOX1
cd4_ctl_like,16,3,PDSS2
cd4_ctl_like,16,4,PAAF1
cd4_ctl_like,16,5,GATD1
cd4_ctl_like,16,6,SHMT1
cd4_ctl_like,16,7,CCDC174
cd4_ctl_like,16,8,MAFG
cd4_ctl_like,16,9,UBE2H
cd4_ctl_like,16,10,EXT1
cd4_ctl_like,16,11,PRUNE1
cd4_ctl_like,16,12,ST3GAL3
cd4_ctl_like,16,13,ARSA
cd4_ctl_like,16,14,INTS1
cd4_ctl_like,16,15,DCAF6
cd4_ctl_like,16,16,ZMYM5
cd4_ctl_like,16,17,GRPEL2
cd4_ctl_like,16,18,SMYD5
cd4_ctl_like,16,19,BRF2
cd4_ctl_like,16,20,C19orf47
cd4_ctl_like,16,21,PHKG2
cd4_ctl_like,16,22,ANAPC2
cd4_ctl_like,16,23,THAP7
cd4_ctl_like,16,24,BBX
cd4_ctl_like,16,25,CMC1
cd4_ctl_like,16,26,PSME3IP1
cd4_ctl_like,16,27,MTMR10
cd4_ctl_like,16,28,CAMK2G
cd4_ctl_like,16,29,NAA50
cd4_ctl_like,16,30,KIAA0586
cd4_ctl_like,16,31,ALKBH7
cd4_ctl_like,16,32,CCDC86
cd4_ctl_like,16,33,FAM199X
cd4_ctl_like,16,34,LGALS3BP
cd4_ctl_like,16,35,SCYL3
cd4_ctl_like,16,36,METTL14
cd4_ctl_like,16,37,EID2
cd4_ctl_like,16,38,NEK6
cd4_ctl_like,16,39,JMJD4
cd4_ctl_like,16,40,TXK
cd4_ctl_like,16,41,TOP3B
cd4_ctl_like,16,42,GLIPR1
cd4_ctl_like,16,43,PCMTD2
cd4_ctl_like,16,44,CDYL
cd4_ctl_like,16,45,KIAA0408
cd4_ctl_like,16,46,ARID4A
cd4_ctl_like,16,47,ZNF263
cd4_ctl_like,16,48,MTAP
cd4_ctl_like,16,49,TBCEL
cd4_ctl_like,23,0,NCAPD2
cd4_ctl_like,23,1,RUNX3
cd4_ctl_like,23,2,VPS26A
cd4_ctl_like,23,3,NFE2L2
cd4_ctl_like,23,4,DEGS1
cd4_ctl_like,23,5,APEX1
cd4_ctl_like,23,6,STIM1
cd4_ctl_like,23,7,DAXX
cd4_ctl_like,23,8,CCNC
cd4_ctl_like,23,9,NCOA3
cd4_ctl_like,23,10,DNTTIP2
cd4_ctl_like,23,11,NCOA4
cd4_ctl_like,23,12,EHBP1L1
cd4_ctl_like,23,13,PNISR
cd4_ctl_like,23,14,CHD4
cd4_ctl_like,23,15,PPP1R12A
cd4_ctl_like,23,16,EXOSC8
cd4_ctl_like,23,17,HPRT1
cd4_ctl_like,23,18,PPP2R2A
cd4_ctl_like,23,19,CHMP5
cd4_ctl_like,23,20,TMA7
cd4_ctl_like,23,21,PHF10
cd4_ctl_like,23,22,SRSF4
cd4_ctl_like,23,23,SMG5
cd4_ctl_like,23,24,RUVBL1
cd4_ctl_like,23,25,STX16
cd4_ctl_like,23,26,OGT
cd4_ctl_like,23,27,RFLNB
cd4_ctl_like,23,28,TGFBR1
cd4_ctl_like,23,29,ADAM10
cd4_ctl_like,23,30,HSF1
cd4_ctl_like,23,31,PDE7A
cd4_ctl_like,23,32,BBLN
cd4_ctl_like,23,33,DNMT1
cd4_ctl_like,23,34,ANKHD1
cd4_ctl_like,23,35,TOB1
cd4_ctl_like,23,36,RTN3
cd4_ctl_like,23,37,PCM1
cd4_ctl_like,23,38,NSA2
cd4_ctl_like,23,39,BCL3
cd4_ctl_like,23,40,MAT2A
cd4_ctl_like,23,41,ARHGAP25
cd4_ctl_like,23,42,ANAPC5
cd4_ctl_like,23,43,ENOPH1
cd4_ctl_like,23,44,ZFP36L2
cd4_ctl_like,23,45,SH3BP1
cd4_ctl_like,23,46,PCMT1
cd4_ctl_like,23,47,PUF60
cd4_ctl_like,23,48,PRPF31
cd4_ctl_like,23,49,NUMA1
cd4_ctl_like,24,0,EDF1
cd4_ctl_like,24,1,RCSD1
cd4_ctl_like,24,2,PAK2
cd4_ctl_like,24,3,CD3D
cd4_ctl_like,24,4,CD7
cd4_ctl_like,24,5,CYBA
cd4_ctl_like,24,6,COX16
cd4_ctl_like,24,7,SPTAN1
cd4_ctl_like,24,8,USF2
cd4_ctl_like,24,9,HECA
cd4_ctl_like,24,10,CDC42SE2
cd4_ctl_like,24,11,SDF4
cd4_ctl_like,24,12,EFHD2
cd4_ctl_like,24,13,SLC39A8
cd4_ctl_like,24,14,TMEM106C
cd4_ctl_like,24,15,DGKA
cd4_ctl_like,24,16,NOP53
cd4_ctl_like,24,17,HNRNPH3
cd4_ctl_like,24,18,LCK
cd4_ctl_like,24,19,IER5
cd4_ctl_like,24,20,RASSF5
cd4_ctl_like,24,21,CLDND1
cd4_ctl_like,24,22,LCP1
cd4_ctl_like,24,23,UCP2
cd4_ctl_like,24,24,LRRN3
cd4_ctl_like,24,25,SOCS1
cd4_ctl_like,24,26,EIF4A2
cd4_ctl_like,24,27,SNRPB2
cd4_ctl_like,24,28,RPA1
cd4_ctl_like,24,29,GNB2
cd4_ctl_like,24,30,SF3B3
cd4_ctl_like,24,31,NFKB2
cd4_ctl_like,24,32,ATP5PB
cd4_ctl_like,24,33,TOP1
cd4_ctl_like,24,34,CERS2
cd4_ctl_like,24,35,SEC11C
cd4_ctl_like,24,36,HAPSTR1
cd4_ctl_like,24,37,FAM32A
cd4_ctl_like,24,38,FIS1
cd4_ctl_like,24,39,LYAR
cd4_ctl_like,24,40,TNFRSF1B
cd4_ctl_like,24,41,JAK3
cd4_ctl_like,24,42,ARF6
cd4_ctl_like,24,43,EZR
cd4_ctl_like,24,44,CREM
cd4_ctl_like,24,45,MAP7D1
cd4_ctl_like,24,46,ELL2
cd4_ctl_like,24,47,ARHGAP15
cd4_ctl_like,24,48,CD5
cd4_ctl_like,24,49,MYDGF
th1_like,21,0,APOL1
th1_like,21,1,NBEAL2
th1_like,21,2,PNRC1
th1_like,21,3,GABPA
th1_like,21,4,SNX4
th1_like,21,5,LARP4B
th1_like,21,6,PTGER4
th1_like,21,7,TNPO3
th1_like,21,8,GPN3
th1_like,21,9,PCSK7
th1_like,21,10,NCAPG
th1_like,21,11,RMC1
th1_like,21,12,GRAP2
th1_like,21,13,RBM42
th1_like,21,14,RAB4A
th1_like,21,15,RUFY1
th1_like,21,16,NFAT5
th1_like,21,17,ATP5F1D
th1_like,21,18,FOXN2
th1_like,21,19,CBX5
th1_like,21,20,TM7SF3
th1_like,21,21,HDDC3
th1_like,21,22,TRAF4
th1_like,21,23,UGGT1
th1_like,21,24,ACOT9
th1_like,21,25,BCL2A1
th1_like,21,26,PRPF4
th1_like,21,27,ZWINT
th1_like,21,28,PNO1
th1_like,21,29,INTS15
th1_like,21,30,GBP4
th1_like,21,31,SETD1B
th1_like,21,32,LASP1
th1_like,21,33,PSMD8
th1_like,21,34,PQBP1
th1_like,21,35,RAB11A
th1_like,21,36,DECR1
th1_like,21,37,HAX1
th1_like,21,38,NDUFS7
th1_like,21,39,POLR2L
th1_like,21,40,ATRX
th1_like,21,41,MAP3K7
th1_like,21,42,ZFAND1
th1_like,21,43,RFTN1
th1_like,21,44,FXN
th1_like,21,45,AHI1
th1_like,21,46,USP39
th1_like,21,47,IMP3
th1_like,21,48,TNPO2
th1_like,21,49,TPD52L2
th1_like,23,0,BTF3L4
th1_like,23,1,NCAPD2
th1_like,23,2,PMAIP1
th1_like,23,3,UBE2S
th1_like,23,4,ELOB
th1_like,23,5,UBA2
th1_like,23,6,NDUFB10
th1_like,23,7,ZMAT2
th1_like,23,8,TP53
th1_like,23,9,EXOSC8
th1_like,23,10,PRPF31
th1_like,23,11,NOP10
th1_like,23,12,METTL9
th1_like,23,13,DGUOK
th1_like,23,14,PRPF38B
th1_like,23,15,RHOF
th1_like,23,16,MLF2
th1_like,23,17,ATP2A2
th1_like,23,18,DCTD
th1_like,23,19,CHD2
th1_like,23,20,PSMD9
th1_like,23,21,WAS
th1_like,23,22,CTDSP1
th1_like,23,23,TNIP2
th1_like,23,24,NDUFB5
th1_like,23,25,SMAD3
th1_like,23,26,PNN
th1_like,23,27,TPX2
th1_like,23,28,HGS
th1_like,23,29,NEMF
th1_like,23,30,SMARCA4
th1_like,23,31,KAT2B
th1_like,23,32,AKT1
th1_like,23,33,METTL26
th1_like,23,34,BNIP2
th1_like,23,35,IQGAP2
th1_like,23,36,METTL5
th1_like,23,37,SMARCB1
th1_like,23,38,TOP2A
th1_like,23,39,SELENOK
th1_like,23,40,RNF167
th1_like,23,41,IMPDH2
th1_like,23,42,UBE4A
th1_like,23,43,MAP4K1
th1_like,23,44,FASN
th1_like,23,45,AP1M1
th1_like,23,46,GLUL
th1_like,23,47,MAP2K2
th1_like,23,48,CMC2
th1_like,23,49,CASC3
th1_like,24,0,STAG2
th1_like,24,1,CGGBP1
th1_like,24,2,CBX3
th1_like,24,3,MLLT6
th1_like,24,4,UBE2R2
th1_like,24,5,IRF4
th1_like,24,6,ATP5MG
th1_like,24,7,HMGB2
th1_like,24,8,ARPC4
th1_like,24,9,MDM4
th1_like,24,10,SUN2
th1_like,24,11,MBD2
th1_like,24,12,TMSB10
th1_like,24,13,C11orf58
th1_like,24,14,EBNA1BP2
th1_like,24,15,TMEM50A
th1_like,24,16,SMS
th1_like,24,17,TMEM33
th1_like,24,18,SNU13
th1_like,24,19,LGALS1
th1_like,24,20,TMSB4X
th1_like,24,21,EIF3B
th1_like,24,22,GTF2A2
th1_like,24,23,VDAC3
th1_like,24,24,S100A11
th1_like,24,25,NCL
th1_like,24,26,NME1
th1_like,24,27,TUT7
th1_like,24,28,AIMP1
th1_like,24,29,ZC3HAV1
th1_like,24,30,UFM1
th1_like,24,31,SRSF2
th1_like,24,32,CD40LG
th1_like,24,33,CYTH1
th1_like,24,34,S100A6
th1_like,24,35,BAG6
th1_like,24,36,ANAPC11
th1_like,24,37,HECA
th1_like,24,38,UCP2
th1_like,24,39,OSTF1
th1_like,24,40,SEPTIN1
th1_like,24,41,PSMA2
th1_like,24,42,MT-ND3
th1_like,24,43,CD28
th1_like,24,44,ANXA2
th1_like,24,45,CAPZA1
th1_like,24,46,BRD2
th1_like,24,47,ZNF644
th1_like,24,48,CYBA
th1_like,24,49,NUDT5
th2_like,9,0,BEST4
th2_like,9,1,ADAMTS4
th2_like,9,2,RPH3AL
th2_like,9,3,GAL
th2_like,9,4,CILP2
th2_like,9,5,ASAP2
th2_like,9,6,ETV7
th2_like,9,7,CCER2
th2_like,9,8,C2orf66
th2_like,9,9,PITX1
th2_like,9,10,ITGA7
th2_like,9,11,DENND2B
th2_like,9,12,CCDC153
th2_like,9,13,NCF1
th2_like,9,14,SCN8A
th2_like,9,15,NOS3
th2_like,9,16,SRRM5
th2_like,9,17,CAMK2N2
th2_like,9,18,ZNF695
th2_like,9,19,THNSL2
th2_like,9,20,GPD1
th2_like,9,21,NT5C1A
th2_like,9,22,LIPH
th2_like,9,23,RNF217
th2_like,9,24,GLDC
th2_like,9,25,LRG1
th2_like,9,26,WWTR1
th2_like,9,27,KRT18
th2_like,9,28,CRIP2
th2_like,9,29,PPM1N
th2_like,9,30,HBQ1
th2_like,9,31,GREM2
th2_like,9,32,NMU
th2_like,9,33,PRKAR2B
th2_like,9,34,NYAP1
th2_like,9,35,DUSP29
th2_like,9,36,NRSN2
th2_like,9,37,DOC2A
th2_like,9,38,PTPRF
th2_like,9,39,RHBDL1
th2_like,9,40,HNF1B
th2_like,9,41,MC1R
th2_like,9,42,TPBGL
th2_like,9,43,GK3
th2_like,9,44,COL5A2
th2_like,9,45,SPTBN5
th2_like,9,46,DCAF4L1
th2_like,9,47,EPHB4
th2_like,9,48,HAL
th2_like,9,49,ADAMTSL5
th2_like,12,0,CKB
th2_like,12,1,TP53I3
th2_like,12,2,CLK2
th2_like,12,3,CKAP4
th2_like,12,4,GCNA
th2_like,12,5,SULT1B1
th2_like,12,6,ERP27
th2_like,12,7,SCN9A
th2_like,12,8,ZNF699
th2_like,12,9,DCBLD2
th2_like,12,10,LIN7A
th2_like,12,11,AK9
th2_like,12,12,KIAA1191
th2_like,12,13,RAB30
th2_like,12,14,RNF122
th2_like,12,15,ZSWIM3
th2_like,12,16,RNF130
th2_like,12,17,SANBR
th2_like,12,18,CYB561
th2_like,12,19,ID3
th2_like,12,20,GM2A
th2_like,12,21,IL22
th2_like,12,22,WDR19
th2_like,12,23,TMCC1
th2_like,12,24,EPM2A
th2_like,12,25,EPHX2
th2_like,12,26,MBD5
th2_like,12,27,FCER1G
th2_like,12,28,LTO1
th2_like,12,29,ZNF17
th2_like,12,30,FAM114A1
th2_like,12,31,FSD1
th2_like,12,32,ZNF235
th2_like,12,33,CHST10
th2_like,12,34,FSD1L
th2_like,12,35,ZKSCAN3
th2_like,12,36,IFT122
th2_like,12,37,ASB13
th2_like,12,38,BPHL
th2_like,12,39,CEACAM1
th2_like,12,40,FCGRT
th2_like,12,41,KIF27
th2_like,12,42,ZNF821
th2_like,12,43,VPS9D1
th2_like,12,44,CPNE8
th2_like,12,45,ZFP69B
th2_like,12,46,PLEKHA1
th2_like,12,47,ZNF585B
th2_like,12,48,ZNF606
th2_like,12,49,TRIO
th2_like,21,0,TMEM126A
th2_like,21,1,TMED7
th2_like,21,2,TFAM
th2_like,21,3,TAOK3
th2_like,21,4,ACAA1
th2_like,21,5,NPC2
th2_like,21,6,SLC5A3
th2_like,21,7,FOXO1
th2_like,21,8,SNAPC3
th2_like,21,9,PTAR1
th2_like,21,10,AURKAIP1
th2_like,21,11,TENT2
th2_like,21,12,IRF9
th2_like,21,13,AIMP2
th2_like,21,14,TERF2
th2_like,21,15,SH3BP5
th2_like,21,16,PRIM1
th2_like,21,17,FUS
th2_like,21,18,TNIK
th2_like,21,19,PRRC2A
th2_like,21,20,ICAM2
th2_like,21,21,PURB
th2_like,21,22,YTHDF3
th2_like,21,23,FOXK2
th2_like,21,24,CCDC12
th2_like,21,25,N4BP2
th2_like,21,26,CEBPZOS
th2_like,21,27,MED8
th2_like,21,28,PLSCR3
th2_like,21,29,AFG3L2
th2_like,21,30,ATG5
th2_like,21,31,CENPH
th2_like,21,32,RIN3
th2_like,21,33,YJU2
th2_like,21,34,SF3B1
th2_like,21,35,SEC14L1
th2_like,21,36,NKTR
th2_like,21,37,P2RY8
th2_like,21,38,HK2
th2_like,21,39,ZNF655
th2_like,21,40,IKBKG
th2_like,21,41,EHMT2
th2_like,21,42,CPSF2
th2_like,21,43,OSBP
th2_like,21,44,ARID2
th2_like,21,45,CDKN1B
th2_like,21,46,NUP155
th2_like,21,47,PAG1
th2_like,21,48,MED30
th2_like,21,49,ARID5A
th17_like,8,0,MEOX1
th17_like,8,1,MDH1B
th17_like,8,2,CDC42EP4
th17_like,8,3,CRYBA4
th17_like,8,4,SOX8
th17_like,8,5,GLI1
th17_like,8,6,PXDC1
th17_like,8,7,NKAPL
th17_like,8,8,C12orf56
th17_like,8,9,ECHDC3
th17_like,8,10,CFAP92
th17_like,8,11,JAKMIP3
th17_like,8,12,ASB12
th17_like,8,13,GPR176
th17_like,8,14,DNAH14
th17_like,8,15,IGHE
th17_like,8,16,CFAP276
th17_like,8,17,HSPA12A
th17_like,8,18,SMAD9
th17_like,8,19,ARMCX1
th17_like,8,20,TAL2
th17_like,8,21,OVOL1
th17_like,8,22,ODAD3
th17_like,8,23,COL11A2
th17_like,8,24,SLC22A23
th17_like,8,25,LIN28A
th17_like,8,26,SLC39A2
th17_like,8,27,GFRA3
th17_like,8,28,MSMP
th17_like,8,29,NDUFA4L2
th17_like,8,30,OPRL1
th17_like,8,31,TRIM2
th17_like,8,32,ADRA1B
th17_like,8,33,ZNF660
th17_like,8,34,GALNT14
th17_like,8,35,LMAN1L
th17_like,8,36,DOK3
th17_like,8,37,KLHL13
th17_like,8,38,NEFL
th17_like,8,39,SV2C
th17_like,8,40,LRGUK
th17_like,8,41,DLGAP3
th17_like,8,42,F2RL1
th17_like,8,43,SCNN1A
th17_like,8,44,PTN
th17_like,8,45,TMSB15A
th17_like,8,46,MAJIN
th17_like,8,47,ZNF703
th17_like,8,48,HK3
th17_like,8,49,PAX5
th17_like,9,0,CCER2
th17_like,9,1,H2BK1
th17_like,9,2,RNF212
th17_like,9,3,LZTS3
th17_like,9,4,SLC34A1
th17_like,9,5,DDX4
th17_like,9,6,CELSR2
th17_like,9,7,DYNLT4
th17_like,9,8,ZNF730
th17_like,9,9,PHACTR1
th17_like,9,10,SRGAP3
th17_like,9,11,GNG12
th17_like,9,12,NGEF
th17_like,9,13,NCF1
th17_like,9,14,ME1
th17_like,9,15,DCAF4L1
th17_like,9,16,TGM5
th17_like,9,17,ULBP1
th17_like,9,18,GSDMA
th17_like,9,19,DEGS2
th17_like,9,20,MEX3A
th17_like,9,21,WWTR1
th17_like,9,22,ASPHD1
th17_like,9,23,CTSF
th17_like,9,24,FZD8
th17_like,9,25,DOCK8-AS1
th17_like,9,26,SSC4D
th17_like,9,27,LRP1
th17_like,9,28,IL7
th17_like,9,29,UACA
th17_like,9,30,RDH16
th17_like,9,31,THSD1
th17_like,9,32,NLGN3
th17_like,9,33,FCER2
th17_like,9,34,PROCR
th17_like,9,35,LINGO3
th17_like,9,36,FAM151B
th17_like,9,37,PPFIA3
th17_like,9,38,LRRC66
th17_like,9,39,TTLL13
th17_like,9,40,TRIM9
th17_like,9,41,NR6A1
th17_like,9,42,EGFL7
th17_like,9,43,TAGLN3
th17_like,9,44,PAPSS2
th17_like,9,45,ZNF404
th17_like,9,46,OR2AG2
th17_like,9,47,SLC23A3
th17_like,9,48,ADGRD1
th17_like,9,49,LRRK1
th17_like,10,0,FCGBP
th17_like,10,1,C11orf65
th17_like,10,2,TLR3
th17_like,10,3,GALNT8
th17_like,10,4,UNC5CL
th17_like,10,5,CCDC113
th17_like,10,6,QPCT
th17_like,10,7,PCBP3
th17_like,10,8,CCDC121
th17_like,10,9,LDHC
th17_like,10,10,ATRNL1
th17_like,10,11,SUSD4
th17_like,10,12,FBXO36
th17_like,10,13,ATP8A2
th17_like,10,14,LYG1
th17_like,10,15,SHB
th17_like,10,16,CEND1
th17_like,10,17,PRRG2
th17_like,10,18,ZNF677
th17_like,10,19,ZGLP1
th17_like,10,20,HPGDS
th17_like,10,21,MET
th17_like,10,22,LOXL1
th17_like,10,23,ZNF713
th17_like,10,24,CCDC157
th17_like,10,25,KANK2
th17_like,10,26,NCR3LG1
th17_like,10,27,ADAMTS7
th17_like,10,28,TMEM265
th17_like,10,29,AMH
th17_like,10,30,SLCO4C1
th17_like,10,31,PIK3R6
th17_like,10,32,ASS1
th17_like,10,33,TSSK4
th17_like,10,34,RBM11
th17_like,10,35,CDO1
th17_like,10,36,HS3ST1
th17_like,10,37,OAZ3
th17_like,10,38,LMTK3
th17_like,10,39,ZDHHC23
th17_like,10,40,DNAJB5
th17_like,10,41,ZNF747
th17_like,10,42,KDM4D
th17_like,10,43,ZG16B
th17_like,10,44,ZMAT1
th17_like,10,45,NINL
th17_like,10,46,ZNF852
th17_like,10,47,CARNS1
th17_like,10,48,PER3
th17_like,10,49,CCL20
tfh_like,11,0,CHTF8
tfh_like,11,1,ADGRL1
tfh_like,11,2,C20orf96
tfh_like,11,3,PWWP2B
tfh_like,11,4,C16orf86
tfh_like,11,5,SLC35A2
tfh_like,11,6,RNASE6
tfh_like,11,7,MDGA1
tfh_like,11,8,ZNF683
tfh_like,11,9,ODF3B
tfh_like,11,10,TPCN2
tfh_like,11,11,NPL
tfh_like,11,12,SLC16A10
tfh_like,11,13,TUBB2A
tfh_like,11,14,ARMCX2
tfh_like,11,15,ADM5
tfh_like,11,16,ERMN
tfh_like,11,17,SLC25A53
tfh_like,11,18,PIGZ
tfh_like,11,19,PODXL2
tfh_like,11,20,TNFRSF10D
tfh_like,11,21,CYSLTR2
tfh_like,11,22,ZNF257
tfh_like,11,23,EML5
tfh_like,11,24,HSPA4L
tfh_like,11,25,TSSK6
tfh_like,11,26,KBTBD11
tfh_like,11,27,TSGA10
tfh_like,11,28,RAB15
tfh_like,11,29,FGFBP3
tfh_like,11,30,DYNLL1
tfh_like,11,31,C12orf60
tfh_like,11,32,MAFF
tfh_like,11,33,FSTL3
tfh_like,11,34,MISFA
tfh_like,11,35,CTTNBP2NL
tfh_like,11,36,TCF4
tfh_like,11,37,ZNF823
tfh_like,11,38,FAAH2
tfh_like,11,39,SYP
tfh_like,11,40,C6orf52
tfh_like,11,41,ACTR3B
tfh_like,11,42,ZNF215
tfh_like,11,43,ZNF57
tfh_like,11,44,ACE
tfh_like,11,45,UQCC4
tfh_like,11,46,HYKK
tfh_like,11,47,ZNF879
tfh_like,11,48,SPRED2
tfh_like,11,49,KANTR
tfh_like,12,0,NAP1L5
tfh_like,12,1,ZNF235
tfh_like,12,2,SLC22A5
tfh_like,12,3,SPINT2
tfh_like,12,4,TMEM229B
tfh_like,12,5,HSPA1L
tfh_like,12,6,C3AR1
tfh_like,12,7,IGFBP4
tfh_like,12,8,MSC
tfh_like,12,9,NAT14
tfh_like,12,10,CSGALNACT1
tfh_like,12,11,TMEM169
tfh_like,12,12,HIC2
tfh_like,12,13,H4C11
tfh_like,12,14,ZNF780B
tfh_like,12,15,ZNF585A
tfh_like,12,16,FIZ1
tfh_like,12,17,LMAN2L
tfh_like,12,18,SLC29A2
tfh_like,12,19,SESTD1
tfh_like,12,20,PRDM15
tfh_like,12,21,BTBD3
tfh_like,12,22,IL10
tfh_like,12,23,RAD52
tfh_like,12,24,DCBLD2
tfh_like,12,25,TANC2
tfh_like,12,26,ZFY
tfh_like,12,27,EPAS1
tfh_like,12,28,IFNGR2
tfh_like,12,29,KLHL25
tfh_like,12,30,UBFD1
tfh_like,12,31,CEACAM1
tfh_like,12,32,NAALADL1
tfh_like,12,33,TTC7B
tfh_like,12,34,KRBOX4
tfh_like,12,35,FAM161A
tfh_like,12,36,DHRS1
tfh_like,12,37,USP35
tfh_like,12,38,TSPAN2
tfh_like,12,39,CBY1
tfh_like,12,40,AGRN
tfh_like,12,41,DPP3
tfh_like,12,42,ZNF16
tfh_like,12,43,JAZF1
tfh_like,12,44,REXO5
tfh_like,12,45,ZFP69B
tfh_like,12,46,IRAK1BP1
tfh_like,12,47,GHDC
tfh_like,12,48,CTTN
tfh_like,12,49,RIC3
tfh_like,14,0,B3GALNT2
tfh_like,14,1,KAT14
tfh_like,14,2,TBC1D24
tfh_like,14,3,EEF2KMT
tfh_like,14,4,SHLD3
tfh_like,14,5,SERPINE2
tfh_like,14,6,NAPB
tfh_like,14,7,CDADC1
tfh_like,14,8,ZNF792
tfh_like,14,9,RPUSD2
tfh_like,14,10,DPY19L4
tfh_like,14,11,OGFOD2
tfh_like,14,12,CPT1A
tfh_like,14,13,CYB5R1
tfh_like,14,14,EARS2
tfh_like,14,15,SCAI
tfh_like,14,16,DEXI
tfh_like,14,17,PER2
tfh_like,14,18,RHOU
tfh_like,14,19,TMEM241
tfh_like,14,20,NSUN5
tfh_like,14,21,NDRG1
tfh_like,14,22,CC2D1B
tfh_like,14,23,HSD17B12
tfh_like,14,24,C1RL
tfh_like,14,25,PIR
tfh_like,14,26,ABHD14A
tfh_like,14,27,DCAF4
tfh_like,14,28,FDXACB1
tfh_like,14,29,TMEM222
tfh_like,14,30,GINS4
tfh_like,14,31,SEMA4C
tfh_like,14,32,ZNF574
tfh_like,14,33,DPM3
tfh_like,14,34,PTCD2
tfh_like,14,35,GCNT1
tfh_like,14,36,DHX34
tfh_like,14,37,UBXN8
tfh_like,14,38,MT-ND2
tfh_like,14,39,ZNF207
tfh_like,14,40,ALKBH4
tfh_like,14,41,ZNF841
tfh_like,14,42,PEX14
tfh_like,14,43,BAD
tfh_like,14,44,KIFAP3
tfh_like,14,45,PBX3
tfh_like,14,46,GFOD2
tfh_like,14,47,POU2F1
tfh_like,14,48,IL4R
tfh_like,14,49,ARHGEF39
th9_like,6,0,IFNK
th9_like,6,1,GOLGA8R
th9_like,6,2,ASCL1
th9_like,6,3,STRC
th9_like,6,4,FGF12
th9_like,6,5,ABCA6
th9_like,6,6,FBXO47
th9_like,6,7,WEE2
th9_like,6,8,ARHGAP20
th9_like,6,9,IGDCC4
th9_like,6,10,CGA
th9_like,6,11,RARRES1
th9_like,6,12,PAX9
th9_like,6,13,UNC5A
th9_like,6,14,HMGA2
th9_like,6,15,KIAA0319
th9_like,6,16,SH2D6
th9_like,6,17,ARHGEF17
th9_like,6,18,LCN6
th9_like,6,19,MPC1L
th9_like,6,20,TMEM132E
th9_like,6,21,TEKT5
th9_like,6,22,CCDC70
th9_like,6,23,FGD5
th9_like,6,24,KREMEN2
th9_like,6,25,MRC1
th9_like,6,26,RSPH6A
th9_like,6,27,B3GNT7
th9_like,6,28,AHNAK2
th9_like,6,29,ZP1
th9_like,6,30,ADRA2C
th9_like,6,31,PDE6H
th9_like,6,32,IL36RN
th9_like,6,33,SMIM6
th9_like,6,34,GALNT13
th9_like,6,35,SLC7A9
th9_like,6,36,M1AP
th9_like,6,37,CBARP
th9_like,6,38,CPLX4
th9_like,6,39,CLGN
th9_like,6,40,IQANK1
th9_like,6,41,TAS2R50
th9_like,6,42,CASR
th9_like,6,43,RNF150
th9_like,6,44,P2RY13
th9_like,6,45,AP3B2
th9_like,6,46,RNF224
th9_like,6,47,CFAP99
th9_like,6,48,KPNA7
th9_like,6,49,TPH2
th9_like,9,0,TRGJP1
th9_like,9,1,CLIC6
th9_like,9,2,GHRL
th9_like,9,3,TMEM269
th9_like,9,4,CLTRN
th9_like,9,5,REM2
th9_like,9,6,SCNN1D
th9_like,9,7,PTAFR
th9_like,9,8,TDRD9
th9_like,9,9,BEST4
th9_like,9,10,PSPN
th9_like,9,11,GML
th9_like,9,12,ZACN
th9_like,9,13,OR2AG2
th9_like,9,14,OR7D2
th9_like,9,15,ZNF404
th9_like,9,16,KHDRBS3
th9_like,9,17,CCDC168
th9_like,9,18,SALL2
th9_like,9,19,UPK1A
th9_like,9,20,SOX5
th9_like,9,21,DENND2C
th9_like,9,22,AKAP12
th9_like,9,23,ALS2CL
th9_like,9,24,NANOS3
th9_like,9,25,OVGP1
th9_like,9,26,RRH
th9_like,9,27,MT1G
th9_like,9,28,KLKB1
th9_like,9,29,ARHGEF33
th9_like,9,30,PLA2G2C
th9_like,9,31,RSKR
th9_like,9,32,MSANTD1
th9_like,9,33,XKR9
th9_like,9,34,EPHB4
th9_like,9,35,LRRK1
th9_like,9,36,TIGD1
th9_like,9,37,ADPRHL1
th9_like,9,38,SMPDL3A
th9_like,9,39,C16orf74
th9_like,9,40,ANKRD50
th9_like,9,41,CPXM1
th9_like,9,42,LEKR1
th9_like,9,43,PYROXD2
th9_like,9,44,CELF6
th9_like,9,45,TMEM232
th9_like,9,46,CD1C
th9_like,9,47,PXDN
th9_like,9,48,ZNF730
th9_like,9,49,SNORC
activation_predictor,18,0,LYSMD2
activation_predictor,18,1,TMEM263
activation_predictor,18,2,SIAH1
activation_predictor,18,3,PARVG
activation_predictor,18,4,H1-4
activation_predictor,18,5,EPS15
activation_predictor,18,6,MRTFA
activation_predictor,18,7,UHRF2
activation_predictor,18,8,BRPF1
activation_predictor,18,9,ZDHHC17
activation_predictor,18,10,PTRHD1
activation_predictor,18,11,PHRF1
activation_predictor,18,12,CTU2
activation_predictor,18,13,STK16
activation_predictor,18,14,FAH
activation_predictor,18,15,TRAPPC13
activation_predictor,18,16,GMEB1
activation_predictor,18,17,PLCL2
activation_predictor,18,18,TMED2
activation_predictor,18,19,FAM217B
activation_predictor,18,20,BORCS5
activation_predictor,18,21,DHX40
activation_predictor,18,22,LIN54
activation_predictor,18,23,NSDHL
activation_predictor,18,24,LAGE3
activation_predictor,18,25,GALK2
activation_predictor,18,26,CLASP2
activation_predictor,18,27,UCHL3
activation_predictor,18,28,VAMP4
activation_predictor,18,29,ZBTB17
activation_predictor,18,30,WDR81
activation_predictor,18,31,GTF2H4
activation_predictor,18,32,SLC10A3
activation_predictor,18,33,LRCH1
activation_predictor,18,34,TENT4A
activation_predictor,18,35,NXF1
activation_predictor,18,36,AKTIP
activation_predictor,18,37,SACS
activation_predictor,18,38,VPS13A
activation_predictor,18,39,TMEM60
activation_predictor,18,40,STARD3NL
activation_predictor,18,41,RNASEH2C
activation_predictor,18,42,EXOC1
activation_predictor,18,43,EXOC4
activation_predictor,18,44,NKAPD1
activation_predictor,18,45,NOC2L
activation_predictor,18,46,AP1S2
activation_predictor,18,47,MAP4K5
activation_predictor,18,48,STRBP
activation_predictor,18,49,TPRA1
activation_predictor,22,0,GDI1
activation_predictor,22,1,DYRK1A
activation_predictor,22,2,GSK3B
activation_predictor,22,3,SP140
activation_predictor,22,4,BTN3A2
activation_predictor,22,5,EMC3
activation_predictor,22,6,BIRC6
activation_predictor,22,7,SLC7A6
activation_predictor,22,8,IRF1
activation_predictor,22,9,HTATIP2
activation_predictor,22,10,PYCR2
activation_predictor,22,11,PRKCA
activation_predictor,22,12,CIAO2A
activation_predictor,22,13,CNOT6L
activation_predictor,22,14,ATP2A3
activation_predictor,22,15,PPIG
activation_predictor,22,16,STK39
activation_predictor,22,17,JOSD1
activation_predictor,22,18,TRRAP
activation_predictor,22,19,TTC39C
activation_predictor,22,20,PRDX4
activation_predictor,22,21,EHD1
activation_predictor,22,22,RIOX2
activation_predictor,22,23,DSTN
activation_predictor,22,24,YIPF3
activation_predictor,22,25,PPP6R3
activation_predictor,22,26,LSM5
activation_predictor,22,27,RAP2A
activation_predictor,22,28,CCNL2
activation_predictor,22,29,SETD3
activation_predictor,22,30,COX14
activation_predictor,22,31,FAM111A
activation_predictor,22,32,PTBP1
activation_predictor,22,33,PPP2R5D
activation_predictor,22,34,PARP14
activation_predictor,22,35,KEAP1
activation_predictor,22,36,STMP1
activation_predictor,22,37,SYTL3
activation_predictor,22,38,FOXP1
activation_predictor,22,39,OXCT1
activation_predictor,22,40,MLLT3
activation_predictor,22,41,AP2A1
activation_predictor,22,42,PCLAF
activation_predictor,22,43,MTX3
activation_predictor,22,44,RBM14
activation_predictor,22,45,RAD50
activation_predictor,22,46,SLC35B1
activation_predictor,22,47,GABPB1
activation_predictor,22,48,PPP1R16B
activation_predictor,22,49,PHLDA1
activation_predictor,24,0,GBP5
activation_predictor,24,1,OSTF1
activation_predictor,24,2,SUMO3
activation_predictor,24,3,PSMB8
activation_predictor,24,4,EIF2A
activation_predictor,24,5,ELOVL5
activation_predictor,24,6,EIF2S1
activation_predictor,24,7,EIF4EBP2
activation_predictor,24,8,CD53
activation_predictor,24,9,PPP1R7
activation_predictor,24,10,GNL3
activation_predictor,24,11,ARRB2
activation_predictor,24,12,EIF5B
activation_predictor,24,13,LEPROTL1
activation_predictor,24,14,TAF1D
activation_predictor,24,15,RNF157
activation_predictor,24,16,METAP2
activation_predictor,24,17,LBR
activation_predictor,24,18,PFKP
activation_predictor,24,19,BZW2
activation_predictor,24,20,NUDT5
activation_predictor,24,21,HINT1
activation_predictor,24,22,PRRC2C
activation_predictor,24,23,HNRNPAB
activation_predictor,24,24,RAP1A
activation_predictor,24,25,ICOS
activation_predictor,24,26,SEPTIN6
activation_predictor,24,27,MDFIC
activation_predictor,24,28,COX6A1
activation_predictor,24,29,ARHGDIA
activation_predictor,24,30,NFKBIA
activation_predictor,24,31,CDK6
activation_predictor,24,32,BHLHE40
activation_predictor,24,33,FAM32A
activation_predictor,24,34,U2SURP
activation_predictor,24,35,MAF1
activation_predictor,24,36,PTPRC
activation_predictor,24,37,CLDND1
activation_predictor,24,38,SH3BGRL3
activation_predictor,24,39,DEK
activation_predictor,24,40,PPP1R9B
activation_predictor,24,41,BIRC3
activation_predictor,24,42,AGO2
activation_predictor,24,43,TAP2
activation_predictor,24,44,EID1
activation_predictor,24,45,ELAVL1
activation_predictor,24,46,RYBP
activation_predictor,24,47,TANK
activation_predictor,24,48,TFRC
activation_predictor,24,49,RNF7
